work_id,topic
W00001,0
W00002,-1
W00003,-1
W00004,-1
W00005,12
W00006,16
W00007,1
W00008,1
W00009,16
W00010,-1
W00011,1
W00012,16
W00013,-1
W00015,7
W00016,-1
W00017,4
W00018,-1
W00022,17
W00023,7
W00026,10
W00027,0
W00028,-1
W00031,-1
W00032,13
W00033,13
W00034,0
W00035,1
W00036,-1
W00037,-1
W00038,-1
W00039,0
W00041,-1
W00042,1
W00048,1
W00049,4
W00052,13
W00056,5
W00057,10
W00058,19
W00059,-1
W00060,17
W00061,1
W00063,21
W00064,10
W00066,3
W00068,6
W00071,-1
W00074,1
W00075,14
W00076,0
W00077,-1
W00078,-1
W00079,4
W00080,14
W00081,12
W00083,15
W00084,-1
W00085,-1
W00086,-1
W00087,-1
W00088,19
W00089,15
W00090,-1
W00091,6
W00092,0
W00093,-1
W00094,-1
W00095,6
W00096,14
W00097,13
W00098,11
W00099,24
W00100,1
W00101,-1
W00102,-1
W00103,0
W00104,-1
W00105,-1
W00106,14
W00107,8
W00108,17
W00109,-1
W00112,13
W00113,3
W00114,-1
W00115,-1
W00117,0
W00118,-1
W00119,21
W00120,13
W00121,21
W00122,0
W00123,-1
W00125,-1
W00126,21
W00127,7
W00128,7
W00129,-1
W00130,3
W00131,9
W00132,-1
W00133,21
W00134,1
W00135,13
W00136,21
W00137,-1
W00138,21
W00139,9
W00140,-1
W00141,1
W00142,12
W00143,21
W00144,16
W00145,16
W00146,-1
W00147,-1
W00148,21
W00149,14
W00150,21
W00151,13
W00152,-1
W00153,1
W00154,21
W00155,23
W00156,23
W00157,-1
W00158,3
W00159,14
W00160,0
W00161,21
W00162,6
W00163,-1
W00164,-1
W00165,-1
W00166,0
W00167,14
W00168,10
W00169,21
W00170,-1
W00171,9
W00172,21
W00173,21
W00174,-1
W00175,-1
W00176,-1
W00177,-1
W00178,-1
W00179,6
W00180,-1
W00181,-1
W00182,7
W00183,6
W00184,15
W00185,-1
W00186,-1
W00187,10
W00188,-1
W00189,-1
W00190,12
W00191,1
W00192,23
W00193,1
W00194,5
W00195,23
W00196,5
W00197,-1
W00198,-1
W00199,10
W00200,0
W00201,-1
W00202,-1
W00203,-1
W00204,-1
W00205,-1
W00206,-1
W00207,-1
W00208,0
W00209,-1
W00210,0
W00211,-1
W00212,-1
W00213,5
W00214,1
W00215,0
W00216,20
W00217,3
W00218,1
W00219,3
W00220,8
W00221,3
W00222,3
W00223,1
W00224,-1
W00226,-1
W00227,-1
W00229,-1
W00230,-1
W00232,5
W00233,-1
W00234,-1
W00235,1
W00236,-1
W00237,1
W00238,-1
W00239,1
W00240,3
W00241,3
W00243,9
W00245,4
W00246,0
W00247,3
W00248,-1
W00249,4
W00250,2
W00251,-1
W00252,-1
W00253,1
W00254,10
W00255,-1
W00256,-1
W00257,-1
W00258,-1
W00259,-1
W00260,-1
W00261,-1
W00262,-1
W00263,2
W00264,9
W00265,-1
W00266,9
W00267,-1
W00268,-1
W00269,-1
W00270,-1
W00272,1
W00273,3
W00274,18
W00275,0
W00276,9
W00277,-1
W00278,-1
W00281,-1
W00282,-1
W00283,-1
W00284,-1
W00285,-1
W00286,-1
W00287,12
W00288,3
W00289,5
W00290,-1
W00291,-1
W00292,-1
W00293,-1
W00294,-1
W00295,-1
W00296,7
W00297,11
W00298,1
W00299,-1
W00300,-1
W00301,-1
W00302,1
W00303,0
W00304,0
W00305,-1
W00306,6
W00307,-1
W00308,8
W00309,6
W00310,-1
W00313,6
W00314,13
W00315,12
W00316,-1
W00317,13
W00320,-1
W00321,10
W00322,11
W00324,-1
W00325,-1
W00326,-1
W00327,3
W00328,3
W00329,22
W00330,2
W00331,10
W00332,-1
W00333,-1
W00334,11
W00336,3
W00337,0
W00338,2
W00339,5
W00340,-1
W00341,10
W00342,5
W00343,20
W00344,-1
W00345,-1
W00346,-1
W00347,6
W00348,24
W00350,22
W00351,12
W00352,-1
W00353,-1
W00355,-1
W00356,-1
W00357,5
W00358,-1
W00359,-1
W00360,2
W00363,-1
W00364,10
W00365,-1
W00366,7
W00367,-1
W00368,-1
W00369,4
W00370,-1
W00371,-1
W00372,15
W00373,-1
W00374,1
W00375,-1
W00376,-1
W00377,-1
W00378,-1
W00379,6
W00380,-1
W00381,-1
W00382,3
W00384,-1
W00385,4
W00386,-1
W00387,-1
W00388,4
W00389,-1
W00390,-1
W00391,0
W00392,1
W00393,7
W00394,-1
W00395,-1
W00396,-1
W00397,0
W00398,-1
W00399,6
W00400,1
W00401,11
W00403,-1
W00404,-1
W00405,2
W00406,-1
W00407,2
W00408,2
W00409,-1
W00410,9
W00411,11
W00412,1
W00413,-1
W00414,-1
W00415,-1
W00416,6
W00417,-1
W00418,-1
W00419,-1
W00420,17
W00421,8
W00422,21
W00423,-1
W00424,-1
W00426,-1
W00427,-1
W00428,-1
W00429,11
W00430,-1
W00431,1
W00432,19
W00433,1
W00434,10
W00435,-1
W00436,-1
W00437,-1
W00438,1
W00439,-1
W00440,-1
W00441,-1
W00442,-1
W00443,-1
W00444,-1
W00445,5
W00446,6
W00448,20
W00449,-1
W00451,6
W00453,0
W00454,12
W00455,-1
W00456,-1
W00457,16
W00458,0
W00459,-1
W00460,-1
W00461,-1
W00462,-1
W00463,13
W00464,-1
W00465,0
W00466,-1
W00468,-1
W00469,0
W00470,7
W00471,2
W00472,8
W00473,3
W00474,-1
W00475,-1
W00476,23
W00477,-1
W00479,10
W00481,10
W00482,9
W00484,-1
W00485,-1
W00486,12
W00489,-1
W00490,-1
W00493,-1
W00495,17
W00497,-1
W00498,1
W00499,-1
W00500,0
W00501,1
W00503,-1
W00505,0
W00506,0
W00507,0
W00508,-1
W00509,13
W00510,-1
W00511,10
W00513,-1
W00514,-1
W00515,-1
W00516,-1
W00517,11
W00518,-1
W00519,13
W00520,-1
W00521,1
W00522,1
W00523,17
W00524,-1
W00525,20
W00527,-1
W00529,-1
W00530,-1
W00531,-1
W00532,0
W00533,-1
W00534,8
W00535,5
W00536,1
W00537,6
W00538,-1
W00539,-1
W00540,8
W00541,-1
W00542,-1
W00543,17
W00545,-1
W00546,1
W00547,4
W00548,0
W00549,7
W00550,-1
W00551,1
W00553,18
W00554,-1
W00555,-1
W00556,7
W00558,1
W00560,0
W00563,3
W00564,20
W00565,5
W00566,0
W00568,-1
W00569,-1
W00570,2
W00571,9
W00572,-1
W00573,1
W00574,22
W00575,8
W00576,7
W00577,-1
W00578,7
W00579,-1
W00580,-1
W00581,17
W00582,-1
W00583,10
W00584,1
W00587,2
W00588,-1
W00589,17
W00590,-1
W00591,-1
W00592,-1
W00593,-1
W00594,-1
W00595,20
W00596,-1
W00597,-1
W00598,2
W00599,2
W00600,2
W00601,3
W00602,-1
W00603,-1
W00605,-1
W00606,2
W00607,2
W00608,2
W00609,2
W00610,2
W00611,-1
W00612,-1
W00613,2
W00614,2
W00615,2
W00616,2
W00617,2
W00618,2
W00619,18
W00620,-1
W00621,2
W00622,-1
W00623,1
W00624,8
W00625,4
W00626,24
W00627,-1
W00628,-1
W00629,4
W00630,-1
W00631,0
W00632,1
W00633,1
W00634,3
W00635,-1
W00636,2
W00637,6
W00638,-1
W00639,2
W00640,-1
W00641,7
W00642,1
W00643,-1
W00644,-1
W00645,10
W00646,10
W00647,-1
W00648,1
W00649,1
W00650,7
W00651,-1
W00652,20
W00653,1
W00654,-1
W00657,16
W00659,11
W00660,2
W00661,20
W00663,-1
W00664,19
W00665,-1
W00666,-1
W00671,3
W00672,23
W00673,8
W00674,3
W00675,5
W00676,-1
W00677,-1
W00678,-1
W00679,20
W00680,-1
W00681,-1
W00682,-1
W00683,22
W00684,8
W00685,8
W00686,8
W00687,-1
W00688,18
W00689,-1
W00690,8
W00691,18
W00692,-1
W00693,2
W00694,3
W00695,-1
W00696,11
W00697,-1
W00698,-1
W00699,8
W00700,11
W00701,2
W00702,3
W00703,-1
W00704,-1
W00705,-1
W00706,7
W00707,-1
W00708,-1
W00709,-1
W00710,-1
W00712,3
W00713,15
W00714,9
W00715,-1
W00716,-1
W00717,-1
W00718,3
W00719,9
W00720,-1
W00721,3
W00722,0
W00723,2
W00724,-1
W00725,0
W00726,-1
W00727,1
W00728,14
W00729,-1
W00730,10
W00731,10
W00732,-1
W00733,-1
W00734,9
W00735,9
W00736,-1
W00737,3
W00738,-1
W00740,-1
W00741,-1
W00742,-1
W00743,3
W00744,1
W00745,9
W00746,-1
W00747,0
W00748,5
W00750,6
W00751,0
W00752,13
W00753,-1
W00754,-1
W00755,-1
W00756,0
W00757,0
W00758,0
W00759,0
W00760,-1
W00761,-1
W00762,-1
W00763,-1
W00764,-1
W00765,24
W00766,-1
W00767,8
W00768,-1
W00769,3
W00770,9
W00771,0
W00772,-1
W00773,-1
W00774,-1
W00775,8
W00776,-1
W00777,1
W00778,-1
W00779,-1
W00780,9
W00781,-1
W00782,9
W00783,9
W00784,1
W00785,7
W00786,6
W00787,-1
W00788,7
W00789,-1
W00790,7
W00791,0
W00792,5
W00793,-1
W00794,14
W00795,14
W00796,1
W00797,1
W00798,3
W00799,-1
W00800,7
W00801,-1
W00802,-1
W00803,1
W00804,17
W00805,4
W00807,1
W00808,-1
W00809,15
W00810,9
W00811,-1
W00812,-1
W00813,4
W00814,-1
W00815,-1
W00816,1
W00818,-1
W00819,-1
W00821,6
W00822,10
W00823,0
W00824,12
W00825,4
W00826,2
W00827,11
W00828,-1
W00829,6
W00831,-1
W00832,-1
W00833,-1
W00834,-1
W00835,9
W00837,-1
W00838,-1
W00839,-1
W00840,-1
W00842,-1
W00843,1
W00844,-1
W00845,18
W00846,-1
W00847,-1
W00848,-1
W00849,1
W00850,-1
W00851,0
W00852,-1
W00853,-1
W00854,-1
W00855,-1
W00856,-1
W00857,7
W00858,-1
W00859,12
W00860,-1
W00861,-1
W00862,0
W00863,4
W00864,4
W00865,3
W00866,2
W00867,9
W00868,-1
W00869,-1
W00870,-1
W00871,-1
W00872,0
W00873,5
W00874,-1
W00875,22
W00876,-1
W00878,-1
W00879,0
W00880,6
W00881,2
W00882,-1
W00883,3
W00884,3
W00885,8
W00886,-1
W00887,6
W00888,8
W00889,-1
W00890,11
W00891,8
W00892,8
W00893,-1
W00894,0
W00895,-1
W00896,-1
W00897,-1
W00898,3
W00899,5
W00900,-1
W00901,13
W00902,-1
W00903,-1
W00904,8
W00905,3
W00906,-1
W00907,11
W00908,11
W00909,19
W00910,-1
W00911,9
W00912,22
W00913,-1
W00914,0
W00915,-1
W00916,8
W00917,5
W00918,-1
W00919,-1
W00920,0
W00921,-1
W00922,-1
W00923,-1
W00924,15
W00925,-1
W00926,9
W00927,1
W00928,5
W00929,-1
W00930,-1
W00931,-1
W00932,8
W00933,-1
W00934,13
W00935,3
W00936,9
W00937,0
W00938,-1
W00939,9
W00940,-1
W00941,-1
W00942,8
W00943,9
W00944,8
W00945,9
W00946,8
W00947,9
W00948,0
W00949,1
W00950,-1
W00951,-1
W00952,-1
W00953,12
W00954,0
W00955,0
W00956,9
W00957,15
W00958,7
W00959,14
W00960,-1
W00961,-1
W00962,-1
W00963,0
W00964,-1
W00965,-1
W00966,-1
W00967,7
W00968,-1
W00969,-1
W00970,-1
W00971,14
W00972,-1
W00973,-1
W00974,-1
W00975,-1
W00976,-1
W00977,-1
W00978,3
W00979,-1
W00980,-1
W00981,12
W00982,-1
W00983,-1
W00984,11
W00986,10
W00987,12
W00988,-1
W00989,-1
W00990,-1
W00991,-1
W00992,-1
W00993,6
W00994,-1
W00995,17
W00996,-1
W00997,6
W00998,1
W00999,-1
W01000,-1
W01001,3
W01002,13
W01003,8
W01004,-1
W01005,-1
W01006,10
W01007,-1
W01008,10
W01009,12
W01010,-1
W01011,5
W01012,-1
W01013,-1
W01014,-1
W01015,-1
W01016,-1
W01017,-1
W01018,-1
W01019,-1
W01020,13
W01021,13
W01022,-1
W01023,-1
W01025,-1
W01026,5
W01027,-1
W01028,-1
W01029,18
W01030,-1
W01031,-1
W01032,-1
W01033,0
W01034,-1
W01035,13
W01037,-1
W01038,4
W01039,-1
W01040,0
W01041,15
W01044,15
W01045,11
W01046,-1
W01047,9
W01048,-1
W01049,-1
W01050,-1
W01051,-1
W01052,-1
W01053,22
W01054,5
W01055,23
W01056,-1
W01057,5
W01058,8
W01061,-1
W01062,-1
W01063,5
W01064,8
W01065,-1
W01066,1
W01067,-1
W01068,-1
W01069,4
W01070,-1
W01071,-1
W01072,-1
W01075,-1
W01077,-1
W01079,15
W01080,-1
W01081,1
W01082,-1
W01083,15
W01084,-1
W01085,-1
W01086,-1
W01087,-1
W01088,-1
W01089,16
W01090,-1
W01091,-1
W01092,0
W01093,11
W01094,6
W01095,-1
W01096,-1
W01097,-1
W01098,-1
W01099,-1
W01100,-1
W01101,12
W01102,-1
W01103,6
W01104,9
W01105,2
W01107,11
W01108,-1
W01109,13
W01110,1
W01111,4
W01112,-1
W01113,-1
W01114,-1
W01115,-1
W01116,-1
W01117,-1
W01118,-1
W01119,-1
W01120,16
W01121,1
W01122,5
W01123,-1
W01124,7
W01125,1
W01126,-1
W01127,1
W01128,-1
W01129,-1
W01130,16
W01131,9
W01132,-1
W01133,1
W01134,-1
W01135,16
W01136,1
W01137,9
W01138,7
W01139,7
W01140,-1
W01141,10
W01142,-1
W01143,-1
W01144,6
W01145,-1
W01146,-1
W01147,7
W01148,12
W01149,15
W01150,0
W01151,6
W01152,-1
W01153,16
W01154,-1
W01155,16
W01156,1
W01157,-1
W01158,-1
W01159,3
W01160,-1
W01161,12
W01162,-1
W01163,7
W01164,4
W01165,19
W01166,13
W01167,-1
W01168,-1
W01169,-1
W01170,13
W01171,6
W01172,1
W01173,13
W01175,15
W01181,6
W01182,5
W01183,-1
W01184,-1
W01185,1
W01186,1
W01187,0
W01188,-1
W01189,-1
W01190,6
W01191,6
W01192,1
W01193,16
W01194,16
W01195,-1
W01196,6
W01197,9
W01198,21
W01199,-1
W01200,-1
W01201,-1
W01202,-1
W01203,6
W01204,4
W01205,-1
W01206,-1
W01207,1
W01209,-1
W01210,10
W01211,12
W01212,10
W01213,12
W01214,-1
W01215,9
W01216,-1
W01217,13
W01218,14
W01219,6
W01220,-1
W01221,1
W01222,0
W01223,-1
W01224,11
W01225,4
W01226,-1
W01227,-1
W01228,0
W01229,0
W01230,1
W01231,17
W01232,-1
W01233,0
W01234,-1
W01235,8
W01236,-1
W01237,-1
W01238,10
W01239,-1
W01241,-1
W01242,-1
W01243,-1
W01244,-1
W01246,2
W01247,-1
W01248,-1
W01249,8
W01250,23
W01251,-1
W01255,9
W01258,3
W01259,17
W01260,3
W01261,3
W01263,-1
W01264,8
W01265,-1
W01266,6
W01267,8
W01268,-1
W01269,-1
W01270,4
W01271,4
W01272,-1
W01273,-1
W01274,-1
W01275,-1
W01276,-1
W01277,-1
W01278,-1
W01279,-1
W01280,-1
W01282,6
W01283,0
W01284,-1
W01285,-1
W01286,3
W01287,-1
W01288,-1
W01289,-1
W01290,23
W01291,6
W01292,-1
W01293,-1
W01294,-1
W01295,13
W01296,14
W01297,11
W01298,14
W01299,-1
W01300,-1
W01301,1
W01302,-1
W01303,9
W01304,11
W01305,9
W01306,-1
W01307,-1
W01308,-1
W01309,0
W01311,-1
W01313,0
W01314,0
W01315,-1
W01316,13
W01317,-1
W01318,21
W01319,22
W01320,-1
W01322,-1
W01323,14
W01324,1
W01325,1
W01327,19
W01329,-1
W01330,7
W01331,-1
W01332,-1
W01333,6
W01334,-1
W01335,5
W01337,20
W01338,2
W01339,23
W01340,6
W01341,-1
W01342,-1
W01343,12
W01344,-1
W01345,12
W01347,-1
W01348,-1
W01349,0
W01350,-1
W01351,17
W01352,9
W01353,-1
W01354,-1
W01355,0
W01356,-1
W01357,-1
W01358,-1
W01359,-1
W01360,2
W01361,2
W01362,12
W01363,13
W01364,17
W01365,23
W01366,13
W01367,20
W01368,13
W01369,-1
W01370,-1
W01371,-1
W01372,2
W01373,0
W01374,16
W01375,-1
W01376,-1
W01377,9
W01378,16
W01379,-1
W01380,-1
W01381,-1
W01382,5
W01383,-1
W01384,17
W01385,-1
W01386,-1
W01387,-1
W01389,21
W01390,-1
W01391,22
W01392,14
W01393,11
W01394,6
W01395,-1
W01396,-1
W01397,-1
W01398,-1
W01399,4
W01400,-1
W01401,2
W01402,17
W01403,3
W01404,-1
W01405,16
W01406,1
W01407,1
W01408,10
W01409,-1
W01410,0
W01411,-1
W01412,9
W01413,-1
W01414,-1
W01415,9
W01416,5
W01417,-1
W01418,-1
W01419,8
W01421,-1
W01423,-1
W01426,-1
W01427,-1
W01428,-1
W01429,-1
W01430,16
W01431,-1
W01432,2
W01433,1
W01434,-1
W01435,-1
W01436,-1
W01437,-1
W01438,5
W01439,9
W01440,9
W01441,14
W01442,8
W01443,24
W01444,-1
W01445,1
W01446,1
W01451,4
W01452,17
W01453,-1
W01454,-1
W01455,9
W01456,5
W01457,-1
W01458,6
W01459,0
W01460,-1
W01462,-1
W01463,-1
W01464,15
W01465,-1
W01466,8
W01467,-1
W01468,-1
W01469,-1
W01470,15
W01471,8
W01472,18
W01473,0
W01474,1
W01475,2
W01476,-1
W01477,14
W01478,1
W01479,-1
W01480,10
W01481,-1
W01482,2
W01483,15
W01484,15
W01485,-1
W01486,-1
W01487,-1
W01488,-1
W01489,-1
W01490,17
W01491,1
W01492,13
W01493,-1
W01494,-1
W01495,-1
W01496,8
W01497,9
W01498,-1
W01499,-1
W01500,8
W01501,2
W01503,2
W01504,24
W01505,-1
W01506,-1
W01507,8
W01508,-1
W01509,-1
W01510,6
W01511,13
W01512,5
W01513,-1
W01514,18
W01515,-1
W01516,-1
W01517,3
W01518,0
W01519,-1
W01520,-1
W01521,-1
W01522,1
W01523,1
W01524,-1
W01525,-1
W01526,-1
W01528,11
W01529,-1
W01530,-1
W01531,-1
W01533,1
W01535,-1
W01536,-1
W01537,6
W01538,6
W01539,-1
W01540,-1
W01541,0
W01542,-1
W01543,-1
W01544,-1
W01545,-1
W01546,-1
W01547,10
W01548,-1
W01549,18
W01550,-1
W01551,-1
W01552,14
W01553,18
W01554,-1
W01555,-1
W01556,-1
W01557,3
W01558,19
W01559,-1
W01560,-1
W01561,-1
W01562,3
W01563,-1
W01564,13
W01565,0
W01566,-1
W01567,-1
W01568,10
W01569,7
W01570,13
W01571,23
W01572,-1
W01573,14
W01574,1
W01575,-1
W01576,7
W01577,-1
W01578,23
W01579,8
W01580,7
W01581,6
W01582,-1
W01583,-1
W01584,-1
W01585,-1
W01586,23
W01587,-1
W01588,-1
W01589,-1
W01590,-1
W01591,1
W01592,-1
W01593,-1
W01594,-1
W01595,8
W01596,-1
W01597,5
W01598,-1
W01599,-1
W01600,6
W01601,9
W01602,-1
W01603,-1
W01604,10
W01605,1
W01606,8
W01607,-1
W01608,-1
W01609,6
W01611,23
W01612,8
W01613,1
W01614,10
W01615,-1
W01616,-1
W01617,-1
W01618,-1
W01619,-1
W01620,4
W01621,4
W01622,0
W01623,13
W01624,-1
W01625,13
W01626,-1
W01627,-1
W01628,12
W01629,18
W01630,6
W01632,-1
W01633,2
W01634,-1
W01635,-1
W01636,10
W01637,-1
W01638,-1
W01639,-1
W01640,-1
W01641,2
W01642,-1
W01643,-1
W01644,2
W01645,-1
W01646,1
W01647,-1
W01648,2
W01649,-1
W01650,-1
W01651,22
W01652,-1
W01653,17
W01654,2
W01655,-1
W01656,3
W01657,-1
W01658,7
W01659,9
W01660,3
W01661,7
W01662,23
W01663,7
W01664,-1
W01665,5
W01667,0
W01668,-1
W01669,-1
W01670,-1
W01671,2
W01672,-1
W01673,-1
W01674,-1
W01675,7
W01676,9
W01677,-1
W01678,0
W01679,-1
W01680,12
W01681,-1
W01682,-1
W01683,-1
W01684,-1
W01687,-1
W01688,-1
W01689,1
W01690,5
W01691,1
W01692,-1
W01693,-1
W01694,-1
W01695,-1
W01696,8
W01697,1
W01698,3
W01699,3
W01700,-1
W01701,0
W01702,10
W01703,1
W01704,2
W01705,-1
W01706,-1
W01707,9
W01708,-1
W01709,1
W01710,6
W01711,-1
W01712,1
W01713,-1
W01714,-1
W01715,3
W01716,1
W01717,-1
W01718,8
W01719,-1
W01720,10
W01721,-1
W01722,0
W01723,17
W01724,1
W01725,6
W01726,-1
W01727,-1
W01728,-1
W01729,-1
W01730,-1
W01731,-1
W01732,2
W01733,3
W01734,11
W01735,6
W01736,-1
W01737,-1
W01738,-1
W01739,2
W01740,10
W01741,11
W01742,5
W01743,15
W01744,-1
W01745,-1
W01746,18
W01747,14
W01748,-1
W01749,24
W01750,1
W01751,5
W01752,-1
W01753,1
W01754,10
W01755,1
W01756,-1
W01757,-1
W01758,4
W01759,-1
W01760,1
W01761,19
W01762,1
W01763,0
W01764,3
W01765,-1
W01766,12
W01767,-1
W01768,1
W01769,2
W01770,13
W01771,0
W01772,4
W01773,-1
W01774,-1
W01775,0
W01776,-1
W01777,-1
W01778,7
W01779,-1
W01780,7
W01781,0
W01782,-1
W01783,18
W01784,4
W01785,-1
W01786,-1
W01787,1
W01788,13
W01789,0
W01790,-1
W01791,-1
W01792,-1
W01793,12
W01794,2
W01795,3
W01796,18
W01797,19
W01798,-1
W01799,4
W01800,11
W01801,-1
W01802,13
W01803,-1
W01804,-1
W01805,1
W01806,6
W01807,-1
W01808,3
W01809,-1
W01810,3
W01811,-1
W01812,-1
W01813,1
W01814,-1
W01815,-1
W01816,-1
W01817,13
W01818,3
W01819,3
W01820,8
W01821,13
W01822,2
W01823,1
W01824,1
W01825,2
W01826,5
W01827,0
W01828,12
W01829,1
W01830,-1
W01831,2
W01832,-1
W01833,-1
W01834,8
W01835,21
W01836,3
W01837,-1
W01838,7
W01839,-1
W01840,-1
W01841,19
W01842,2
W01843,1
W01844,3
W01845,-1
W01846,19
W01847,8
W01848,19
W01849,-1
W01850,3
W01851,-1
W01852,-1
W01853,1
W01854,-1
W01855,2
W01856,-1
W01857,7
W01858,11
W01859,-1
W01860,0
W01862,-1
W01864,-1
W01866,3
W01867,-1
W01868,-1
W01869,2
W01871,0
W01872,-1
W01873,-1
W01874,-1
W01875,-1
W01876,-1
W01877,4
W01878,9
W01879,13
W01880,15
W01881,-1
W01882,-1
W01883,4
W01884,-1
W01885,6
W01886,7
W01887,3
W01889,4
W01890,2
W01891,7
W01892,-1
W01893,19
W01894,1
W01895,-1
W01896,-1
W01897,24
W01898,-1
W01899,23
W01900,-1
W01901,-1
W01902,9
W01903,-1
W01904,12
W01905,5
W01906,4
W01907,-1
W01908,-1
W01910,6
W01911,14
W01913,0
W01914,-1
W01916,16
W01917,10
W01918,3
W01920,9
W01921,-1
W01922,1
W01923,-1
W01924,4
W01925,8
W01926,3
W01927,10
W01928,7
W01929,-1
W01930,1
W01931,3
W01932,-1
W01933,-1
W01934,-1
W01935,16
W01936,-1
W01937,-1
W01938,7
W01939,2
W01940,-1
W01941,21
W01942,1
W01943,3
W01944,-1
W01945,-1
W01947,21
W01948,-1
W01949,1
W01950,16
W01951,8
W01952,21
W01953,21
W01954,-1
W01955,5
W01956,5
W01957,5
W01958,-1
W01959,-1
W01960,-1
W01961,8
W01962,10
W01963,0
W01964,-1
W01965,8
W01966,-1
W01967,21
W01968,21
W01969,9
W01970,9
W01971,21
W01972,21
W01973,21
W01974,5
W01976,-1
W01978,11
W01981,2
W01982,2
W01983,10
W01984,1
W01985,14
W01986,18
W01987,0
W01988,6
W01989,4
W01990,12
W01991,1
W01992,-1
W01993,-1
W01994,-1
W01995,-1
W01996,-1
W01997,0
W01998,-1
W01999,-1
W02000,1
W02001,-1
W02002,13
W02003,9
W02004,-1
W02005,-1
W02006,-1
W02007,7
W02008,14
W02009,3
W02010,4
W02011,-1
W02012,9
W02013,1
W02014,12
W02015,1
W02016,0
W02017,-1
W02018,-1
W02019,16
W02020,-1
W02021,1
W02022,-1
W02023,-1
W02024,23
W02025,-1
W02026,5
W02027,17
W02028,-1
W02029,-1
W02030,-1
W02031,-1
W02032,-1
W02033,-1
W02034,1
W02035,1
W02036,0
W02037,3
W02038,0
W02039,-1
W02040,0
W02041,15
W02042,1
W02043,-1
W02044,-1
W02045,10
W02046,-1
W02047,-1
W02048,-1
W02049,-1
W02050,0
W02051,-1
W02052,0
W02053,-1
W02054,7
W02055,7
W02056,0
W02057,0
W02058,0
W02059,1
W02060,2
W02061,15
W02062,15
W02063,1
W02064,-1
W02065,-1
W02066,3
W02067,-1
W02068,-1
W02069,0
W02070,14
W02071,-1
W02072,-1
W02073,-1
W02074,-1
W02075,-1
W02076,13
W02077,8
W02078,0
W02079,-1
W02080,-1
W02081,2
W02082,2
W02083,-1
W02084,7
W02085,3
W02086,-1
W02087,-1
W02088,-1
W02089,1
W02090,1
W02091,-1
W02092,1
W02093,0
W02094,-1
W02095,1
W02096,-1
W02097,0
W02098,0
W02099,-1
W02100,5
W02102,-1
W02105,4
W02106,8
W02107,-1
W02108,-1
W02109,-1
W02110,-1
W02111,2
W02112,2
W02113,11
W02114,1
W02115,1
W02116,1
W02117,11
W02118,14
W02119,-1
W02120,-1
W02121,-1
W02122,15
W02123,-1
W02124,4
W02125,-1
W02126,-1
W02127,-1
W02128,0
W02129,23
W02130,2
W02131,-1
W02132,1
W02133,1
W02134,2
W02135,-1
W02136,-1
W02137,-1
W02138,-1
W02139,-1
W02140,-1
W02141,-1
W02142,-1
W02143,-1
W02144,8
W02145,4
W02146,4
W02233,-1
W02234,3
W02235,3
W02236,-1
W02237,0
W02238,1
W02239,-1
W02240,16
W02242,-1
W02244,-1
W02245,19
W02246,13
W02248,-1
W02249,-1
W02250,-1
W02251,-1
W02252,-1
W02253,3
W02254,-1
W02255,-1
W02256,2
W02257,-1
W02258,-1
W02259,-1
W02260,7
W02261,-1
W02262,-1
W02263,-1
W02264,-1
W02265,-1
W02266,-1
W02267,-1
W02268,-1
W02269,-1
W02270,-1
W02271,-1
W02272,-1
W02273,-1
W02274,-1
W02275,2
W02276,-1
W02277,-1
W02278,7
W02279,7
W02280,-1
W02282,-1
W02283,-1
W02284,-1
W02285,-1
W02286,4
W02287,13
W02288,-1
W02289,-1
W02290,16
W02291,9
W02292,5
W02293,5
W02294,0
W02295,-1
W02296,-1
W02297,0
W02298,3
W02299,9
W02301,-1
W02303,-1
W02304,0
W02307,13
W02308,8
W02309,-1
W02310,-1
W02311,2
W02312,4
W02313,18
W02314,-1
W02315,3
W02316,-1
W02317,-1
W02318,-1
W02319,-1
W02320,-1
W02321,1
W02322,-1
W02323,4
W02324,-1
W02325,4
W02326,-1
W02327,-1
W02328,-1
W02329,1
W02330,4
W02331,9
W02332,2
W02333,2
W02334,-1
W02335,-1
W02336,-1
W02337,18
W02338,3
W02339,1
W02340,19
W02341,23
W02342,-1
W02343,-1
W02344,-1
W02345,7
W02346,3
W02347,-1
W02348,0
W02349,-1
W02350,2
W02351,-1
W02352,-1
W02354,-1
W02355,5
W02356,19
W02357,2
W02358,-1
W02359,2
W02360,-1
W02361,19
W02362,-1
W02363,-1
W02364,-1
W02365,-1
W02366,-1
W02367,-1
W02368,-1
W02369,-1
W02370,4
W02371,-1
W02372,-1
W02373,-1
W02374,-1
W02375,4
W02376,0
W02377,6
W02378,-1
W02379,-1
W02380,-1
W02381,-1
W02382,-1
W02383,-1
W02384,-1
W02385,2
W02386,-1
W02387,-1
W02388,-1
W02391,-1
W02392,4
W02393,3
W02394,17
W02395,-1
W02396,-1
W02397,6
W02398,-1
W02399,-1
W02400,0
W02401,-1
W02402,12
W02403,1
W02404,0
W02405,-1
W02406,2
W02407,-1
W02408,0
W02409,-1
W02410,11
W02411,-1
W02412,0
W02413,3
W02414,20
W02415,3
W02416,-1
W02417,-1
W02418,2
W02419,8
W02420,2
W02421,1
W02422,2
W02423,-1
W02424,24
W02425,-1
W02426,3
W02427,-1
W02428,1
W02429,3
W02430,22
W02431,2
W02432,0
W02433,-1
W02434,22
W02435,22
W02436,2
W02437,-1
W02438,-1
W02439,-1
W02440,6
W02441,-1
W02442,7
W02443,22
W02444,4
W02445,7
W02446,-1
W02447,-1
W02448,-1
W02449,-1
W02450,1
W02451,-1
W02452,-1
W02453,-1
W02454,-1
W02456,16
W02457,-1
W02458,-1
W02459,6
W02461,6
W02462,-1
W02465,-1
W02466,-1
W02467,15
W02469,-1
W02470,-1
W02471,3
W02472,2
W02473,-1
W02474,1
W02475,0
W02476,3
W02477,24
W02478,-1
W02479,3
W02480,-1
W02481,12
W02482,-1
W02483,4
W02484,0
W02485,6
W02486,-1
W02487,4
W02488,4
W02489,-1
W02490,-1
W02491,-1
W02492,-1
W02493,5
W02494,-1
W02495,-1
W02496,4
W02497,-1
W02498,-1
W02499,4
W02500,4
W02501,-1
W02502,-1
W02503,-1
W02504,-1
W02505,24
W02506,-1
W02507,12
W02508,3
W02509,4
W02510,1
W02512,3
W02513,-1
W02514,-1
W02515,-1
W02516,21
W02517,-1
W02518,-1
W02519,4
W02520,-1
W02521,-1
W02522,19
W02523,-1
W02524,7
W02525,0
W02526,-1
W02527,-1
W02528,-1
W02529,-1
W02530,-1
W02531,6
W02532,-1
W02533,-1
W02534,-1
W02535,2
W02536,3
W02537,-1
W02538,-1
W02539,-1
W02540,-1
W02541,-1
W02542,1
W02543,7
W02544,3
W02545,0
W02546,-1
W02547,-1
W02549,-1
W02550,6
W02551,16
W02552,16
W02553,-1
W02554,-1
W02555,4
W02556,10
W02557,-1
W02558,2
W02559,-1
W02560,14
W02561,-1
W02562,17
W02563,-1
W02564,19
W02565,-1
W02566,-1
W02568,-1
W02569,19
W02570,8
W02571,-1
W02572,3
W02573,3
W02574,-1
W02575,-1
W02576,3
W02577,1
W02578,-1
W02579,0
W02580,18
W02581,1
W02582,12
W02583,0
W02584,0
W02585,-1
W02586,-1
W02587,-1
W02588,-1
W02589,1
W02590,-1
W02591,-1
W02592,-1
W02593,-1
W02594,1
W02595,-1
W02596,1
W02597,12
W02598,-1
W02599,12
W02600,-1
W02601,-1
W02602,7
W02603,-1
W02604,-1
W02605,5
W02606,-1
W02607,-1
W02608,4
W02609,7
W02610,16
W02611,4
W02612,-1
W02613,7
W02614,-1
W02615,7
W02616,-1
W02617,-1
W02618,-1
W02619,-1
W02620,-1
W02621,-1
W02622,1
W02623,3
W02624,1
W02625,-1
W02626,13
W02627,-1
W02628,11
W02629,4
W02630,-1
W02631,-1
W02633,-1
W02634,-1
W02635,4
W02636,-1
W02637,4
W02638,9
W02639,6
W02640,2
W02642,4
W02643,-1
W02644,-1
W02645,-1
W02646,-1
W02647,4
W02648,4
W02649,12
W02650,13
W02654,-1
W02656,22
W02657,9
W02658,-1
W02659,-1
W02660,-1
W02661,3
W02662,9
W02663,-1
W02664,4
W02665,-1
W02666,4
W02667,4
W02668,1
W02669,-1
W02670,4
W02671,4
W02672,-1
W02673,-1
W02676,-1
W02677,4
W02678,-1
W02679,-1
W02680,-1
W02681,4
W02682,4
W02684,4
W02687,-1
W02688,0
W02689,23
W02690,2
W02691,9
W02692,-1
W02693,13
W02694,3
W02695,9
W02696,-1
W02697,-1
W02698,4
W02700,0
W02701,10
W02702,7
W02703,3
W02704,18
W02705,3
W02706,-1
W02707,-1
W02708,12
W02709,9
W02710,-1
W02711,-1
W02712,-1
W02713,-1
W02714,-1
W02715,-1
W02716,17
W02717,-1
W02719,9
W02720,-1
W02721,3
W02722,0
W02723,-1
W02726,-1
W02729,-1
W02730,-1
W02731,-1
W02734,-1
W02735,-1
W02736,-1
W02737,4
W02738,11
W02739,11
W02740,-1
W02745,-1
W02747,4
W02748,-1
W02749,4
W02750,-1
W02751,-1
W02752,-1
W02754,-1
W02757,8
W02758,-1
W02759,-1
W02760,5
W02761,-1
W02762,-1
W02763,-1
W02764,-1
W02765,-1
W02766,-1
W02767,0
W02768,-1
W02769,22
W02770,7
W02771,-1
W02772,17
W02773,1
W02774,11
W02775,-1
W02776,-1
W02777,4
W02778,-1
W02779,1
W02780,-1
W02781,-1
W02782,-1
W02783,7
W02784,7
W02785,12
W02786,0
W02787,5
W02788,5
W02789,7
W02790,-1
W02791,19
W02793,-1
W02794,-1
W02795,24
W02796,0
W02797,-1
W02798,-1
W02799,-1
W02800,-1
W02801,-1
W02802,-1
W02803,15
W02805,-1
W02806,2
W02807,-1
W02809,-1
W02810,-1
W02811,21
W02812,-1
W02813,2
W02814,-1
W02815,-1
W02816,-1
W02817,-1
W02818,16
W02819,-1
W02820,-1
W02821,2
W02822,0
W02823,-1
W02824,5
W02825,0
W02826,-1
W02827,3
W02828,-1
W02829,-1
W02830,-1
W02831,-1
W02832,-1
W02833,3
W02834,-1
W02835,15
W02836,2
W02837,9
W02838,-1
W02839,-1
W02840,23
W02841,-1
W02842,-1
W02843,3
W02844,-1
W02845,-1
W02846,4
W02847,-1
W02848,5
W02849,11
W02850,-1
W02851,-1
W02852,-1
W02853,10
W02854,5
W02855,15
W02856,-1
W02857,-1
W02858,-1
W02859,-1
W02860,-1
W02861,-1
W02862,14
W02863,17
W02864,-1
W02865,4
W02866,12
W02867,6
W02868,15
W02869,16
W02870,-1
W02871,8
W02872,0
W02873,17
W02874,-1
W02875,-1
W02876,5
W02877,-1
W02878,-1
W02879,14
W02880,-1
W02881,-1
W02882,-1
W02883,1
W02884,7
W02885,14
W02886,-1
W02887,17
W02888,-1
W02889,-1
W02890,-1
W02891,0
W02892,8
W02893,2
W02894,-1
W02895,-1
W02896,-1
W02897,-1
W02898,14
W02899,14
W02900,1
W02901,-1
W02902,4
W02903,-1
W02904,23
W02905,-1
W02906,-1
W02907,0
W02908,-1
W02909,-1
W02910,-1
W02911,19
W02912,14
W02913,-1
W02914,23
W02915,21
W02916,-1
W02917,3
W02918,-1
W02919,-1
W02920,5
W02921,-1
W02922,0
W02924,14
W02925,13
W02926,6
W02927,-1
W02928,-1
W02929,-1
W02930,7
W02931,-1
W02932,23
W02933,-1
W02934,2
W02935,-1
W02936,-1
W02937,1
W02938,-1
W02939,2
W02940,1
W02941,-1
W02942,-1
W02943,-1
W02944,0
W02945,-1
W02946,-1
W02947,-1
W02948,0
W02950,-1
W02951,-1
W02952,10
W02954,1
W02955,-1
W02956,-1
W02957,19
W02959,-1
W02960,-1
W02961,-1
W02962,17
W02963,5
W02964,-1
W02965,-1
W02966,-1
W02967,-1
W02968,-1
W02969,5
W02970,-1
W02971,0
W02973,13
W02974,-1
W02975,1
W02976,4
W02979,15
W02981,18
W02982,-1
W02983,5
W02984,-1
W02985,-1
W02986,-1
W02987,-1
W02988,5
W02989,2
W02990,-1
W02991,15
W02992,3
W02993,-1
W02994,1
W02995,7
W02996,6
W02997,7
W02998,6
W02999,-1
W03000,-1
W03001,-1
W03002,-1
W03003,0
W03004,2
W03005,-1
W03006,23
W03007,6
W03008,3
W03009,-1
W03010,-1
W03011,0
W03012,-1
W03013,-1
W03014,2
W03015,-1
W03016,-1
W03017,3
W03018,-1
W03019,4
W03020,15
W03021,16
W03022,8
W03023,0
W03024,-1
W03025,-1
W03026,-1
W03027,0
W03028,11
W03029,3
W03030,0
W03031,14
W03032,-1
W03033,-1
W03034,-1
W03035,-1
W03036,1
W03037,1
W03038,-1
W03039,4
W03042,7
W03043,12
W03044,-1
W03045,-1
W03046,-1
W03047,10
W03048,-1
W03049,20
W03051,-1
W03052,19
W03053,-1
W03054,-1
W03055,22
W03056,18
W03057,1
W03060,2
W03061,7
W03062,13
W03063,9
W03064,-1
W03065,-1
W03066,-1
W03067,-1
W03068,-1
W03069,-1
W03070,10
W03074,6
W03075,-1
W03077,-1
W03078,10
W03079,1
W03080,0
W03081,15
W03082,7
W03083,-1
W03084,-1
W03085,15
W03086,-1
W03087,7
W03088,-1
W03089,-1
W03090,0
W03091,-1
W03093,0
W03094,-1
W03096,-1
W03097,-1
W03098,18
W03100,0
W03101,0
W03102,-1
W03103,-1
W03108,22
W03109,0
W03110,-1
W03111,-1
W03112,-1
W03113,-1
W03115,6
W03116,11
W03117,-1
W03118,6
W03119,-1
W03120,7
W03122,16
W03123,-1
W03124,12
W03125,-1
W03126,1
W03127,8
W03128,10
W03129,11
W03130,11
W03131,2
W03133,0
W03136,-1
W03139,0
W03140,16
W03142,0
W03144,0
W03147,5
W03148,-1
W03149,-1
W03150,-1
W03151,-1
W03152,-1
W03153,2
W03154,-1
W03155,5
W03156,3
W03157,-1
W03158,8
W03159,0
W03160,-1
W03161,22
W03162,7
W03163,-1
W03164,-1
W03166,-1
W03167,-1
W03168,0
W03169,-1
W03170,10
W03171,-1
W03172,5
W03173,-1
W03175,-1
W03176,5
W03177,2
W03178,-1
W03179,-1
W03180,-1
W03181,2
W03182,-1
W03183,2
W03184,8
W03185,16
W03186,-1
W03187,-1
W03189,-1
W03190,9
W03191,-1
W03196,-1
W03197,-1
W03198,2
W03199,1
W03200,-1
W03202,-1
W03203,2
W03204,11
W03205,-1
W03206,-1
W03207,0
W03208,-1
W03209,6
W03210,-1
W03212,-1
W03213,24
W03214,0
W03215,-1
W03217,-1
W03218,-1
W03219,-1
W03220,-1
W03221,-1
W03222,0
W03223,6
W03225,-1
W03227,11
W03228,0
W03229,2
W03230,-1
W03231,0
W03232,20
W03233,-1
W03234,6
W03235,-1
W03236,-1
W03237,-1
W03238,16
W03239,-1
W03240,0
W03241,-1
W03242,-1
W03243,-1
W03244,-1
W03245,-1
W03246,8
W03247,11
W03248,-1
W03249,-1
W03250,-1
W03251,-1
W03252,3
W03253,-1
W03255,-1
W03256,-1
W03257,-1
W03261,-1
W03262,-1
W03263,-1
W03264,9
W03265,11
W03266,-1
W03267,-1
W03268,-1
W03270,0
W03271,-1
W03272,20
W03273,-1
W03274,8
W03275,8
W03276,-1
W03277,0
W03278,-1
W03279,-1
W03280,1
W03281,-1
W03282,2
W03283,2
W03285,14
W03286,-1
W03287,0
W03288,2
W03289,-1
W03291,-1
W03292,-1
W03293,2
W03294,-1
W03295,3
W03296,11
W03297,-1
W03299,2
W03301,11
W03303,-1
W03304,-1
W03305,-1
W03306,-1
W03307,2
W03308,-1
W03311,8
W03312,11
W03313,0
W03314,-1
W03315,-1
W03316,-1
W03317,3
W03318,0
W03319,-1
W03320,-1
W03321,-1
W03322,-1
W03323,-1
W03325,-1
W03326,-1
W03327,-1
W03328,-1
W03329,5
W03330,23
W03331,-1
W03332,-1
W03333,23
W03334,-1
W03335,0
W03336,1
W03337,-1
W03338,-1
W03340,2
W03341,-1
W03343,9
W03344,1
W03345,3
W03347,-1
W03348,7
W03349,-1
W03350,-1
W03351,11
W03352,-1
W03353,0
W03354,3
W03355,19
W03356,3
W03357,11
W03358,-1
W03359,-1
W03360,-1
W03361,-1
W03363,0
W03364,11
W03365,-1
W03366,11
W03368,24
W03369,23
W03370,-1
W03371,-1
W03372,0
W03373,-1
W03374,-1
W03375,-1
W03376,7
W03377,-1
W03378,-1
W03379,-1
W03380,16
W03381,0
W03382,-1
W03383,-1
W03384,11
W03385,0
W03386,5
W03387,16
W03388,-1
W03389,-1
W03390,-1
W03391,-1
W03392,11
W03393,0
W03394,8
W03395,11
W03396,0
W03397,-1
W03398,-1
W03399,-1
W03400,-1
W03401,-1
W03402,5
W03403,20
W03404,-1
W03405,-1
W03406,-1
W03408,20
W03410,-1
W03412,21
W03415,-1
W03418,-1
W03419,-1
W03420,-1
W03421,-1
W03422,-1
W03423,-1
W03424,-1
W03425,8
W03426,-1
W03427,2
W03428,6
W03429,6
W03430,-1
W03431,-1
W03432,-1
W03433,-1
W03434,-1
W03435,1
W03436,6
W03437,0
W03438,12
W03439,-1
W03440,19
W03441,-1
W03442,5
W03443,5
W03444,-1
W03445,1
W03446,-1
W03447,3
W03448,11
W03449,2
W03450,-1
W03451,0
W03452,-1
W03453,-1
W03454,3
W03455,5
W03456,5
W03457,-1
W03458,-1
W03459,7
W03460,-1
W03461,2
W03462,0
W03463,-1
W03464,5
W03465,1
W03466,-1
W03467,-1
W03468,0
W03469,5
W03470,-1
W03471,-1
W03472,24
W03473,5
W03474,5
W03475,5
W03476,-1
W03477,-1
W03478,-1
W03479,-1
W03480,14
W03481,-1
W03482,14
W03483,14
W03484,6
W03485,14
W03486,-1
W03487,2
W03488,10
W03489,-1
W03490,2
W03491,-1
W03492,-1
W03493,1
W03494,-1
W03495,-1
W03496,-1
W03497,1
W03498,-1
W03499,9
W03500,14
W03501,8
W03502,-1
W03503,3
W03504,2
W03505,-1
W03506,14
W03507,12
W03508,-1
W03509,-1
W03510,-1
W03511,22
W03512,1
W03513,2
W03514,-1
W03515,-1
W03516,-1
W03517,1
W03518,-1
W03519,5
W03520,5
W03521,-1
W03522,24
W03523,-1
W03524,-1
W03525,-1
W03526,10
W03527,-1
W03528,5
W03529,4
W03530,-1
W03531,1
W03532,-1
W03533,5
W03534,18
W03535,5
W03536,-1
W03537,14
W03538,5
W03539,12
W03540,-1
W03541,-1
W03542,14
W03543,-1
W03544,24
W03545,-1
W03546,11
W03547,6
W03548,-1
W03549,12
W03550,5
W03551,-1
W03552,2
W03553,-1
W03554,2
W03555,2
W03556,1
W03557,9
W03558,0
W03559,-1
W03560,-1
W03561,-1
W03562,-1
W03563,2
W03564,-1
W03565,2
W03566,4
W03567,-1
W03568,11
W03569,11
W03570,-1
W03571,11
W03572,-1
W03573,14
W03575,-1
W03576,-1
W03577,0
W03578,9
W03579,8
W03580,7
W03581,2
W03582,-1
W03583,10
W03584,-1
W03585,-1
W03586,0
W03587,9
W03588,-1
W03589,-1
W03590,2
W03592,-1
W03593,13
W03599,-1
W03600,7
W03601,-1
W03602,-1
W03603,-1
W03604,-1
W03605,14
W03606,1
W03607,-1
W03608,-1
W03609,10
W03610,-1
W03611,-1
W03612,0
W03613,-1
W03614,0
W03615,5
W03616,1
W03617,-1
W03618,1
W03620,-1
W03621,2
W03622,7
W03628,-1
W03629,2
W03630,14
W03632,-1
W03634,-1
W03635,18
W03636,0
W03637,0
W03638,-1
W03639,3
W03640,-1
W03641,4
W03642,19
W03643,5
W03644,14
W03645,-1
W03646,-1
W03647,-1
W03648,-1
W03649,9
W03650,-1
W03651,-1
W03652,-1
W03653,5
W03654,-1
W03655,14
W03656,-1
W03657,9
W03658,1
W03659,3
W03660,-1
W03661,-1
W03662,6
W03663,-1
W03664,-1
W03665,-1
W03666,-1
W03667,-1
W03668,7
W03669,-1
W03670,-1
W03671,-1
W03672,10
W03673,-1
W03674,13
W03675,-1
W03676,-1
W03677,16
W03678,9
W03679,-1
W03680,7
W03681,15
W03682,-1
W03683,-1
W03684,9
W03685,-1
W03686,-1
W03687,9
W03688,-1
W03689,10
W03690,-1
W03691,1
W03692,-1
W03693,15
W03694,10
W03695,-1
W03696,-1
W03697,17
W03698,-1
W03699,0
W03700,-1
W03701,6
W03702,5
W03703,-1
W03704,13
W03705,19
W03706,-1
W03707,-1
W03708,2
W03709,2
W03710,-1
W03711,6
W03712,11
W03713,14
W03714,2
W03715,3
W03716,-1
W03717,11
W03718,-1
W03719,-1
W03720,7
W03721,-1
W03722,0
W03723,-1
W03724,-1
W03725,-1
W03726,7
W03727,7
W03728,1
W03729,0
W03730,-1
W03731,-1
W03732,6
W03733,-1
W03734,6
W03735,0
W03736,-1
W03737,-1
W03738,-1
W03739,-1
W03740,-1
W03741,1
W03742,15
W03743,8
W03744,-1
W03745,-1
W03746,-1
W03747,5
W03748,1
W03749,15
W03750,-1
W03751,-1
W03752,22
W03753,6
W03754,16
W03755,-1
W03756,6
W03757,6
W03758,5
W03759,13
W03761,-1
W03762,1
W03763,-1
W03764,2
W03765,6
W03766,9
W03767,6
W03768,6
W03769,-1
W03770,1
W03771,-1
W03772,4
W03773,4
W03774,0
W03775,0
W03776,5
W03777,4
W03778,4
W03780,-1
W03781,5
W03782,4
W03784,-1
W03785,-1
W03786,-1
W03787,14
W03788,-1
W03789,10
W03790,-1
W03791,-1
W03792,4
W03793,-1
W03794,15
W03795,2
W03796,-1
W03797,-1
W03798,24
W03799,8
W03800,10
W03801,-1
W03802,9
W03803,6
W03804,0
W03805,0
W03806,1
W03807,3
W03808,-1
W03809,-1
W03810,0
W03811,-1
W03814,-1
W03815,3
W03816,1
W03818,-1
W03819,20
W03820,2
W03821,0
W03822,1
W03823,-1
W03825,-1
W03827,-1
W03828,5
W03829,4
W03830,-1
W03831,20
W03832,20
W03833,20
W03834,2
W03835,-1
W03836,11
W03837,-1
W03838,-1
W03839,4
W03840,-1
W03841,-1
W03842,-1
W03843,-1
W03844,7
W03845,20
W03846,20
W03847,-1
W03848,7
W03849,7
W03850,20
W03851,20
W03852,20
W03853,20
W03854,-1
W03855,-1
W03856,-1
W03857,6
W03858,-1
W03859,20
W03860,20
W03861,-1
W03862,-1
W03864,-1
W03866,20
W03867,0
W03868,-1
W03869,7
W03870,20
W03871,-1
W03872,0
W03873,-1
W03875,-1
W03876,5
W03877,-1
W03878,1
W03879,-1
W03880,12
W03881,-1
W03883,8
W03884,-1
W03885,5
W03886,-1
W03887,-1
W03888,-1
W03889,-1
W03890,13
W03891,-1
W03892,-1
W03893,8
W03894,-1
W03895,6
W03896,-1
W03897,-1
W03898,-1
W03899,-1
W03900,0
W03901,1
W03902,5
W03903,-1
W03904,-1
W03905,12
W03906,9
W03907,12
W03908,0
W03910,-1
W03911,3
W03913,-1
W03915,-1
W03916,-1
W03918,-1
W03919,21
W03920,18
W03921,-1
W03922,1
W03923,10
W03924,16
W03925,16
W03926,8
W03927,-1
W03937,-1
W03938,2
W03939,-1
W03940,-1
W03942,4
W03943,-1
W03944,-1
W03945,-1
W03946,1
W03947,14
W03948,-1
W03949,1
W03950,-1
W03951,-1
W03952,-1
W03953,24
W03954,-1
W03956,-1
W03957,-1
W03958,-1
W03959,-1
W03960,-1
W03961,-1
W03962,-1
W03963,-1
W03965,-1
W03966,-1
W03967,-1
W03969,16
W03970,-1
W03971,16
W03972,6
W03973,1
W03974,7
W03975,-1
W03976,4
W03977,-1
W03978,-1
W03979,-1
W03980,-1
W03981,-1
W03982,2
W03983,20
W03984,2
W03985,2
W03986,2
W03987,-1
W03988,-1
W03989,-1
W03990,-1
W03991,-1
W03992,-1
W03993,-1
W03994,2
W03995,-1
W03996,20
W03997,20
W03998,2
W03999,-1
W04000,7
W04001,23
W04002,-1
W04003,-1
W04005,-1
W04006,-1
W04007,19
W04008,-1
W04009,-1
W04010,3
W04011,-1
W04013,2
W04014,3
W04015,3
W04016,5
W04017,19
W04018,-1
W04019,-1
W04020,-1
W04021,-1
W04022,-1
W04024,-1
W04025,20
W04026,1
W04028,-1
W04029,4
W04030,-1
W04031,-1
W04032,6
W04033,-1
W04034,7
W04035,-1
W04036,-1
W04037,7
W04038,8
W04039,2
W04040,2
W04041,2
W04042,-1
W04043,15
W04045,-1
W04046,4
W04047,2
W04048,11
W04049,2
W04050,-1
W04051,-1
W04052,-1
W04053,2
W04054,3
W04055,2
W04056,-1
W04057,-1
W04058,11
W04060,1
W04061,0
W04062,-1
W04063,-1
W04065,-1
W04066,1
W04067,17
W04068,0
W04069,-1
W04070,-1
W04071,-1
W04072,2
W04076,1
W04077,-1
W04078,-1
W04079,-1
W04080,-1
W04081,-1
W04082,1
W04083,1
W04084,-1
W04085,-1
W04086,-1
W04087,-1
W04088,4
W04089,-1
W04090,-1
W04091,4
W04093,-1
W04094,-1
W04095,-1
W04096,-1
W04097,-1
W04098,-1
W04099,-1
W04100,-1
W04101,4
W04102,1
W04103,-1
W04104,-1
W04105,-1
W04106,-1
W04107,3
W04108,18
W04110,-1
W04111,0
W04112,-1
W04113,-1
W04114,-1
W04115,-1
W04116,-1
W04117,23
W04118,-1
W04119,1
W04120,-1
W04122,0
W04123,0
W04124,0
W04125,7
W04126,8
W04127,7
W04129,10
W04130,1
W04131,0
W04132,-1
W04133,-1
W04134,19
W04135,2
W04136,4
W04137,-1
W04138,-1
W04139,-1
W04140,14
W04141,15
W04142,6
W04143,14
W04144,3
W04145,2
W04146,-1
W04147,-1
W04148,6
W04150,-1
W04151,6
W04152,0
W04153,15
W04154,-1
W04155,-1
W04156,2
W04157,3
W04158,3
W04159,-1
W04161,10
W04162,-1
W04163,4
W04164,-1
W04165,-1
W04166,13
W04168,13
W04169,-1
W04170,4
W04171,-1
W04172,4
W04173,-1
W04174,22
W04175,-1
W04176,3
W04177,-1
W04178,-1
W04179,18
W04180,-1
W04181,0
W04182,0
W04183,0
W04184,0
W04185,-1
W04186,-1
W04187,-1
W04188,1
W04189,4
W04190,-1
W04191,-1
W04192,-1
W04193,7
W04194,22
W04195,-1
W04196,-1
W04197,2
W04198,-1
W04199,-1
W04200,5
W04201,15
W04202,2
W04203,-1
W04204,3
W04205,-1
W04206,-1
W04207,-1
W04208,-1
W04209,-1
W04210,-1
W04211,-1
W04212,-1
W04213,-1
W04214,9
W04215,2
W04216,3
W04217,10
W04218,3
W04219,-1
W04221,3
W04226,-1
W04227,-1
W04228,2
W04229,-1
W04230,-1
W04231,-1
W04232,-1
W04233,20
W04234,-1
W04235,20
W04236,-1
W04237,8
W04238,8
W04239,24
W04241,-1
W04242,10
W04243,4
W04244,-1
W04245,-1
W04246,17
W04247,-1
W04248,22
W04250,-1
W04251,-1
W04252,0
W04253,-1
W04254,1
W04255,-1
W04256,0
W04257,-1
W04258,9
W04259,20
W04260,-1
W04261,-1
W04262,-1
W04263,-1
W04264,-1
W04265,10
W04266,-1
W04267,0
W04268,-1
W04269,12
W04270,-1
W04271,-1
W04272,0
W04273,0
W04275,11
W04276,-1
W04277,3
W04278,-1
W04279,19
W04280,9
W04281,3
W04282,1
W04283,-1
W04284,17
W04287,-1
W04288,-1
W04289,-1
W04290,8
W04291,5
W04292,0
W04293,-1
W04294,0
W04295,10
W04296,1
W04297,9
W04298,9
W04299,-1
W04300,22
W04301,17
W04302,-1
W04303,-1
W04304,17
W04305,24
W04306,-1
W04307,9
W04308,16
W04309,0
W04310,16
W04311,-1
W04312,7
W04313,-1
W04314,-1
W04315,-1
W04316,-1
W04317,7
W04318,10
W04319,-1
W04320,11
W04321,-1
W04322,4
W04323,-1
W04324,4
W04325,5
W04326,2
W04327,12
W04328,19
W04329,2
W04330,3
W04331,-1
W04332,-1
W04333,2
W04334,1
W04335,9
W04336,-1
W04337,-1
W04338,-1
W04339,13
W04340,-1
W04341,4
W04342,3
W04343,-1
W04344,15
W04345,-1
W04346,8
W04347,-1
W04348,2
W04349,9
W04350,3
W04351,11
W04352,11
W04353,-1
W04354,1
W04355,6
W04356,7
W04357,-1
W04358,-1
W04359,17
W04360,-1
W04361,8
W04362,15
W04363,-1
W04364,1
W04365,4
W04366,-1
W04367,0
W04368,11
W04369,12
W04370,0
W04371,12
W04372,12
W04373,17
W04374,12
W04375,-1
W04376,6
W04377,-1
W04378,-1
W04379,-1
W04380,-1
W04381,-1
W04382,-1
W04383,-1
W04385,-1
W04386,12
W04387,14
W04388,12
W04389,9
W04390,12
W04391,12
W04392,1
W04393,17
W04394,-1
W04395,-1
W04396,8
W04397,9
W04398,-1
W04400,-1
W04401,2
W04402,2
W04403,17
W04404,12
W04405,12
W04406,22
W04407,24
W04408,-1
W04409,16
W04410,-1
W04411,-1
W04412,-1
W04414,12
W04415,12
W04416,-1
W04417,-1
W04418,-1
W04419,-1
W04420,-1
W04421,5
W04422,0
W04423,-1
W04425,-1
W04427,-1
W04428,11
W04429,-1
W04431,-1
W04432,11
W04433,19
W04434,1
W04435,0
W04436,1
W04437,-1
W04438,8
W04439,-1
W04440,1
W04441,-1
W04442,11
W04443,6
W04444,19
W04445,3
W04446,-1
W04447,23
W04448,-1
W04449,12
W04450,5
W04451,-1
W04452,22
W04453,-1
W04454,17
W04455,5
W04456,-1
W04457,4
W04458,-1
W04459,-1
W04460,-1
W04461,-1
W04462,14
W04463,-1
W04464,9
W04465,4
W04467,4
W04468,1
W04469,10
W04470,-1
W04471,7
W04472,5
W04473,0
W04474,0
W04475,23
W04476,-1
W04477,9
W04479,-1
W04480,3
W04481,0
W04482,12
W04483,-1
W04485,-1
W04486,7
W04487,-1
W04488,1
W04489,-1
W04490,15
W04491,-1
W04492,-1
W04493,13
W04494,-1
W04495,-1
W04496,-1
W04497,-1
W04498,-1
W04499,24
W04500,9
W04501,18
W04502,8
W04503,-1
W04504,-1
W04505,0
W04506,-1
W04507,-1
W04508,-1
W04509,1
W04510,-1
W04514,1
W04516,5
W04517,-1
W04518,0
W04520,20
W04521,10
W04522,-1
W04523,19
W04524,1
W04525,-1
W04526,-1
W04527,-1
W04528,-1
W04529,22
W04530,-1
W04531,-1
W04532,8
W04533,15
W04534,6
W04535,-1
W04536,8
W04537,-1
W04538,6
W04540,-1
W04541,7
W04542,4
W04543,13
W04544,24
W04545,-1
W04546,-1
W04547,0
W04548,1
W04549,-1
W04550,12
W04552,11
W04556,-1
W04557,-1
W04558,-1
W04559,-1
W04560,11
W04561,-1
W04562,-1
W04563,18
W04564,18
W04565,-1
W04566,2
W04567,-1
W04568,0
W04569,18
W04570,-1
W04571,8
W04572,5
W04573,2
W04574,-1
W04575,4
W04576,-1
W04577,24
W04578,-1
W04579,-1
W04580,-1
W04581,11
W04582,14
W04583,18
W04584,4
W04585,-1
W04586,-1
W04587,0
W04588,1
W04589,-1
W04590,10
W04591,10
W04592,-1
W04593,4
W04594,-1
W04595,15
W04596,-1
W04597,1
W04598,-1
W04599,0
W04600,22
W04601,7
W04602,-1
W04603,-1
W04604,-1
W04605,-1
W04606,-1
W04607,0
W04608,-1
W04609,-1
W04610,-1
W04611,-1
W04612,7
W04613,7
W04614,-1
W04615,-1
W04616,2
W04617,1
W04618,14
W04619,-1
W04620,-1
W04621,-1
W04622,-1
W04623,2
W04624,-1
W04625,-1
W04626,0
W04627,-1
W04629,0
W04630,-1
W04631,-1
W04632,-1
W04633,-1
W04634,-1
W04635,7
W04636,14
W04637,4
W04638,22
W04639,-1
W04640,-1
W04641,-1
W04642,-1
W04643,-1
W04644,10
W04645,3
W04646,-1
W04647,5
W04648,-1
W04649,3
W04650,24
W04651,5
W04652,1
W04653,-1
W04654,-1
W04655,-1
W04656,-1
W04657,-1
W04658,-1
W04659,24
W04660,-1
W04661,1
W04662,-1
W04663,2
W04664,22
W04666,-1
W04668,0
W04669,-1
W04670,-1
W04671,-1
W04672,16
W04673,-1
W04674,24
W04676,3
W04677,-1
W04678,21
W04679,-1
W04680,-1
W04681,3
W04682,-1
W04683,1
W04684,-1
W04685,13
W04686,-1
W04687,7
W04688,6
W04689,-1
W04690,-1
W04691,-1
W04692,-1
W04693,1
W04694,-1
W04695,9
W04696,-1
W04697,-1
W04698,-1
W04699,1
W04700,1
W04701,1
W04702,-1
W04703,13
W04704,1
W04705,-1
W04706,-1
W04707,8
W04708,6
W04709,10
W04710,-1
W04711,1
W04712,0
W04713,0
W04714,-1
W04715,-1
W04716,-1
W04717,-1
W04718,-1
W04719,-1
W04720,-1
W04721,3
W04722,3
W04723,-1
W04724,0
W04725,1
W04726,-1
W04727,12
W04728,12
W04729,-1
W04730,10
W04732,-1
W04733,-1
W04734,-1
W04735,-1
W04736,6
W04737,2
W04739,-1
W04740,3
W04741,3
W04742,-1
W04743,-1
W04745,5
W04746,-1
W04747,10
W04749,3
W04750,-1
W04751,-1
W04752,4
W04753,-1
W04754,-1
W04755,-1
W04756,4
W04757,4
W04758,-1
W04759,-1
W04760,-1
W04761,14
W04762,-1
W04763,6
W04764,3
W04765,4
W04766,14
W04767,4
W04768,-1
W04769,-1
W04770,10
W04771,10
W04772,-1
W04773,6
W04774,-1
W04775,-1
W04776,22
W04777,6
W04778,-1
W04779,-1
W04780,-1
W04781,-1
W04782,-1
W04783,-1
W04784,-1
W04785,11
W04786,-1
W04787,11
W04790,8
W04791,9
W04792,22
W04794,-1
W04795,-1
W04798,16
W04799,8
W04800,11
W04801,-1
W04802,11
W04803,-1
W04804,4
W04805,-1
W04806,4
W04807,-1
W04808,-1
W04810,24
W04813,2
W04814,-1
W04817,3
W04820,4
W04825,22
W04827,-1
W04828,4
W04831,-1
W04834,3
W04835,-1
W04837,-1
W04838,-1
W04839,-1
W04840,19
W04841,22
W04842,-1
W04843,-1
W04844,6
W04845,-1
W04846,4
W04847,7
W04848,-1
W04849,-1
W04850,1
W04851,1
W04852,4
W04853,5
W04854,-1
W04855,-1
W04856,5
W04857,3
W04859,-1
W04860,-1
W04861,4
W04862,4
W04863,-1
W04864,0
W04865,12
W04866,19
W04869,0
W04870,-1
W04871,21
W04872,-1
W04874,-1
W04875,-1
W04876,-1
W04877,-1
W04878,-1
W04879,-1
W04880,18
W04881,-1
W04883,-1
W04884,-1
W04885,-1
W04886,-1
W04890,1
W04891,-1
W04892,-1
W04893,6
W04894,0
W04895,-1
W04896,-1
W04897,8
W04898,16
W04899,8
W04900,1
W04901,-1
W04902,4
W04903,-1
W04904,-1
W04905,3
W04907,3
W04908,9
W04909,-1
W04910,5
W04911,22
W04912,1
W04913,-1
W04914,-1
W04915,-1
W04916,8
W04917,23
W04918,2
W04919,16
W04920,-1
W04921,4
W04922,0
W04923,11
W04924,-1
W04925,6
W04926,1
W04927,0
W04928,-1
W04929,-1
W04932,-1
W04933,2
W04934,3
W04936,-1
W04937,-1
W04938,13
W04939,-1
W04940,4
W04942,2
W04943,-1
W04944,1
W04946,1
W04947,10
W04948,0
W04949,-1
W04950,18
W04951,-1
W04952,-1
W04953,12
W04954,3
W04955,-1
W04956,8
W04957,-1
W04958,-1
W04959,-1
W04960,5
W04961,11
W04962,-1
W04963,3
W04964,3
W04965,3
W04966,0
W04967,-1
W04968,1
W04969,-1
W04970,21
W04971,-1
W04972,2
W04973,-1
W04974,8
W04975,-1
W04976,-1
W04977,22
W04978,11
W04979,4
W04980,-1
W04981,-1
W04982,0
W04983,5
W04984,-1
W04985,1
W04986,-1
W04987,15
W04988,-1
W04989,-1
W04991,-1
W04993,15
W04994,-1
W04995,15
W04996,-1
W04997,-1
W04999,-1
W05000,-1
W05004,-1
W05005,-1
W05006,0
W05007,0
W05008,-1
W05009,-1
W05010,8
W05011,-1
W05012,11
W05013,6
W05014,-1
W05015,-1
W05016,10
W05017,12
W05018,-1
W05019,-1
W05020,-1
W05021,0
W05022,-1
W05023,-1
W05024,-1
W05025,8
W05026,15
W05027,11
W05028,1
W05029,0
W05030,-1
W05031,-1
W05032,-1
W05033,-1
W05034,12
W05036,-1
W05037,-1
W05038,18
W05039,3
W05040,-1
W05041,19
W05042,-1
W05043,3
W05044,-1
W05045,-1
W05046,1
W05047,24
W05048,-1
W05049,-1
W05052,13
W05053,-1
W05054,5
W05055,9
W05056,-1
W05057,6
W05058,3
W05059,-1
W05060,-1
W05061,13
W05063,-1
W05066,-1
W05067,-1
W05068,-1
W05069,-1
W05070,9
W05071,-1
W05072,-1
W05073,-1
W05074,-1
W05075,3
W05076,3
W05077,7
W05078,3
W05079,2
W05080,4
W05081,-1
W05082,-1
W05083,21
W05084,-1
W05085,-1
W05086,10
W05087,4
W05088,3
W05089,16
W05090,17
W05091,-1
W05092,-1
W05093,-1
W05094,3
W05095,18
W05096,-1
W05097,3
W05098,0
W05099,18
W05100,14
W05101,-1
W05102,-1
W05103,18
W05104,-1
W05105,-1
W05106,-1
W05107,10
W05109,-1
W05110,-1
W05111,-1
W05112,12
W05113,-1
W05114,-1
W05115,18
W05116,-1
W05117,-1
W05118,3
W05119,-1
W05120,3
W05121,-1
W05122,-1
W05123,16
W05124,-1
W05125,3
W05126,-1
W05127,8
W05128,-1
W05129,18
W05130,-1
W05131,-1
W05132,3
W05133,2
W05134,3
W05135,2
W05136,3
W05137,-1
W05138,-1
W05139,8
W05140,-1
W05141,3
W05142,-1
W05143,8
W05144,0
W05145,9
W05146,-1
W05147,-1
W05148,4
W05149,0
W05150,-1
W05151,5
W05152,4
W05153,-1
W05154,-1
W05155,15
W05156,-1
W05157,9
W05158,-1
W05159,-1
W05160,7
W05161,12
W05162,-1
W05163,10
W05164,7
W05165,-1
